authorMeta.avatar,authorMeta.name,text,diggCount,shareCount,playCount,commentCount,videoMeta.duration,musicMeta.musicName,musicMeta.musicAuthor,musicMeta.musicOriginal,createTimeISO,webVideoUrl
https://p16-common-sign.tiktokcdn-us.com/tos-useast8-avt-0068-tx2/04d626a9ecb5fee2accb13ad15371aed~tplv-tiktokx-cropcenter:720:720.jpeg?dr=9640&refresh_token=f875479d&x-expires=1761944400&x-signature=v50kTaiEz%2BxYW%2FBPBTcjKIAIKS8%3D&t=4d5b0474&ps=13740610&shp=a5d48078&shcp=81f88b70&idc=useast5,realunfilteredmom,TikTok‚Äôs New Algorithm favors WATCH TIME! #newalgorithm #watchtime ,36,3,275,12,102,original sound,ShopTokHolly,True,2025-09-19T23:27:12.000Z,https://www.tiktok.com/@realunfilteredmom/video/7551945889032506654
https://p16-common-sign.tiktokcdn-us.com/tos-useast5-avt-0068-tx/362577eb0140d83947571adb796b5fb7~tplv-tiktokx-cropcenter:720:720.jpeg?dr=9640&refresh_token=d37d6430&x-expires=1761944400&x-signature=RA5fc8R2xSbPqHxrqSshnaSXkWg%3D&t=4d5b0474&ps=13740610&shp=a5d48078&shcp=81f88b70&idc=useast5,_leftmyshoes,watch all videos all the way through!! #creatorsearchinsights #hashtag #hashtags #caption #watch #watchtilltheend #watchtime ,15,2,172,3,56,original sound,amycateee,True,2025-07-18T16:52:58.000Z,https://www.tiktok.com/@_leftmyshoes/video/7528465813205028151
https://p16-common-sign.tiktokcdn-us.com/tos-useast5-avt-0068-tx/7342589451874336814~tplv-tiktokx-cropcenter:720:720.jpeg?dr=9640&refresh_token=aff85a93&x-expires=1761944400&x-signature=bV9Tk5MkSHN2CXKanDNJ6FTojYs%3D&t=4d5b0474&ps=13740610&shp=a5d48078&shcp=81f88b70&idc=useast5,pirouettesuzette,#SEO #quality #engagement #trends #viral #how ,120,24,865,81,71,Enjoy the Moment,Zeca Zilocchi,False,2025-07-17T01:51:34.000Z,https://www.tiktok.com/@pirouettesuzette/video/7527862430500801805
https://p16-common-sign.tiktokcdn-us.com/tos-maliva-avt-0068/42a7c51ca6237c21ab178628496b54f7~tplv-tiktokx-cropcenter:720:720.jpeg?dr=9640&refresh_token=10ffcaea&x-expires=1761944400&x-signature=m0lfrQxa9SpWcndiVD4SYSwnqF0%3D&t=4d5b0474&ps=13740610&shp=a5d48078&shcp=81f88b70&idc=useast5,lennix4311,"Did you know that when you you type in the comments <hacked> it will ban your comment. 
#scary 
#comment 
#hacker ",87,6,17400,243,15,"Spooky, quiet, scary atmosphere piano songs",Skittlegirl Sound,False,2025-01-10T15:48:54.000Z,https://www.tiktok.com/@lennix4311/video/7458314334012476695
https://p16-common-sign.tiktokcdn-us.com/tos-useast5-avt-0068-tx/ed4ffc57f7956cd15b0df0406b026312~tplv-tiktokx-cropcenter:720:720.jpeg?dr=9640&refresh_token=da5d1747&x-expires=1761944400&x-signature=5dzwQwDh70DdfcoxoaFT%2FopbwOQ%3D&t=4d5b0474&ps=13740610&shp=a5d48078&shcp=81f88b70&idc=useast5,contentbytan,"It's a key metric for measuring audience engagement, a higher watch time indicates stronger audience interest and value in the content. TikTok uses watch time to determine video relevance, relevant search results, and create a  personalized user experience. #iwanttogoviral #tiktoktips #howtogoviralontiktok #tiktokgrowth #contentstrategy ",89,17,461,73,11,original sound,Sweet T | SAHM,True,2025-08-24T04:01:05.000Z,https://www.tiktok.com/@contentbytan/video/7541997093951458574
https://p16-common-sign.tiktokcdn-us.com/tos-useast2a-avt-0068-euttp/97e0eaf83ca7b29f7a7aeb1f0a86a60e~tplv-tiktokx-cropcenter:720:720.jpeg?dr=9640&refresh_token=ecf0c923&x-expires=1761944400&x-signature=yX9aYT0Io59OmcWjNzxelGJJUu0%3D&t=4d5b0474&ps=13740610&shp=a5d48078&shcp=81f88b70&idc=useast5,acegrowth,"Comments are a great way to get more views on TikTok, here‚Äôs how and why! 

#tiktokgrowth #growontiktok #tiktokgrowthtips #getmoreviews ",4258,1058,64600,876,191,original sound,ACE Growth | TikTok Strategy,True,2024-11-25T21:54:57.000Z,https://www.tiktok.com/@acegrowth/video/7441338731610508576
https://p16-common-sign.tiktokcdn-us.com/tos-useast8-avt-0068-tx2/9e49cb2f387438f46be4e2f76b69102c~tplv-tiktokx-cropcenter:720:720.jpeg?dr=9640&refresh_token=34b38236&x-expires=1761944400&x-signature=BSmBsknGoi%2FgsdImY%2B1flExjaf0%3D&t=4d5b0474&ps=13740610&shp=a5d48078&shcp=81f88b70&idc=useast5,somebodysmamma,"Let‚Äôs see who actually stays past 3 seconds üëÄü´£ #fyp #watchtilltheend #ProveMeWrong
#creatorsearchinsights 
#watchtime, #tiktoktips, #tutorial, #contentstrategy, #tiktokgrowth",441,66,1426,245,7,original sound,Aaronüíï,True,2025-06-10T21:54:15.000Z,https://www.tiktok.com/@somebodysmamma/video/7514442278316920095
https://p16-common-sign.tiktokcdn-us.com/tos-useast5-avt-0068-tx/f8ced7f3ee7cc821f8047a43c8e05fad~tplv-tiktokx-cropcenter:720:720.jpeg?dr=9640&refresh_token=3cfe37c2&x-expires=1761944400&x-signature=Nd2cTArWYiAxlupfz87U390R2gs%3D&t=4d5b0474&ps=13740610&shp=a5d48078&shcp=81f88b70&idc=useast5,bryanfahim,"Use this Hashtag Formula to go VIRAL! üìà#Ô∏è‚É£

‚úÖFollow For More Valuable Tips! 
@bryanfahim

#contentmarketing #business #entrepreneurs #onlinebusiness #socialmediastrategy #socialmediagrowth #contentstrategy",95700,8596,2000000,4137,27,original sound,Bryan | Social Media Marketing,True,2024-06-18T15:23:25.000Z,https://www.tiktok.com/@bryanfahim/video/7381864219202866475
https://p16-common-sign.tiktokcdn-us.com/tos-useast5-avt-0068-tx/74773ffedd5de0bc34f71370b4b28532~tplv-tiktokx-cropcenter:720:720.jpeg?dr=9640&refresh_token=10d8be8f&x-expires=1761944400&x-signature=wBJ%2BVjhwQuTXWluPNN9X51833AU%3D&t=4d5b0474&ps=13740610&shp=a5d48078&shcp=81f88b70&idc=useast5,iamtierrashade,Watch time > likes every single time üëè #TikTokTips #TikTokAlgorithm #TikTokGrowth #engagementtipsforgrowth #growthtiktok ,63,12,318,42,26,WHAT YOU IS,War,True,2025-10-11T02:40:04.000Z,https://www.tiktok.com/@iamtierrashade/video/7559788359661407501
https://p16-common-sign.tiktokcdn-us.com/tos-useast8-avt-0068-tx2/a69f9d4f9b07b622e412403228e042a6~tplv-tiktokx-cropcenter:720:720.jpeg?dr=9640&refresh_token=5e834539&x-expires=1761944400&x-signature=F5AIz14SXlwC%2F34fcNzU12mOngs%3D&t=4d5b0474&ps=13740610&shp=a5d48078&shcp=81f88b70&idc=useast5,nofilterthomas,"Hashtags are not going to make your content perform bette, because it‚Äôs a dated practice that most people are still using as a legitimate strategy.

So if hashtags aren‚Äôt a thing that pushes your content to the FYP, what are they good for then?

Hashtags can help categorize your content by putting your content on a specific page in the case of people manually searching specific hashtags.",2320,245,45800,351,145,Ipanema Beach,The Brazilians of Bossa Nova,False,2025-10-15T22:42:44.000Z,https://www.tiktok.com/@nofilterthomas/video/7561582565044342071
https://p19-common-sign.tiktokcdn-us.com/tos-useast5-avt-0068-tx/2c3b345c783a3995437ab13dae609152~tplv-tiktokx-cropcenter:720:720.jpeg?dr=9640&refresh_token=3e8813fe&x-expires=1761944400&x-signature=%2F1iFYpCYqYyD6vddPHr86HOFeb0%3D&t=4d5b0474&ps=13740610&shp=a5d48078&shcp=81f88b70&idc=useast5,tracydoescontent,"#creatorsearchinsights Just Remember your watch time on TikTok is 70% of the engagement! 

#tiktoktipsandtricks #justremember #fyp #growthtiktok ",65,10,545,46,133,original sound,tracydoescontent‚ùå,True,2025-09-04T17:18:50.000Z,https://www.tiktok.com/@tracydoescontent/video/7546284669851962638
https://p16-sign-va.tiktokcdn.com/tos-maliva-avt-0068/7350550665904521259~tplv-tiktokx-cropcenter:720:720.jpeg?dr=10399&refresh_token=71705aff&x-expires=1761944400&x-signature=TkLRiyyi97w0C4xI98zYMIWl8hQ%3D&t=4d5b0474&ps=13740610&shp=a5d48078&shcp=81f88b70&idc=no1a,etatangana,why does my analytics say watch time 0 but it has a bunch of views #tiktok #glitch,37,3,1644,22,28,original sound,Etienne | Neuroscienceüß†,True,2025-08-24T19:04:56.000Z,https://www.tiktok.com/@etatangana/video/7542229964385504525
https://p19-common-sign-useastred.tiktokcdn-eu.com/tos-useast2a-avt-0068-euttp/6cdab60eda875e6bcc2bc8406a472022~tplv-tiktokx-cropcenter:720:720.jpeg?dr=10399&refresh_token=5e7f06a8&x-expires=1761944400&x-signature=km0Nv%2Ffy02SEDCpkG5G5y8hABPw%3D&t=4d5b0474&ps=13740610&shp=a5d48078&shcp=81f88b70&idc=no1a,beroslife,Wie viele Minuten hast du?!üòÇ #tiktok #wrapped #tiktokwrapped #f√ºrdich ,58700,3226,2900000,11800,21,I Can Do Anything / Finale,Christopher Lennertz,False,2024-12-14T14:59:09.000Z,https://www.tiktok.com/@beroslife/video/7448282229765131542
https://p16-pu-sign-no.tiktokcdn-eu.com/tos-no1a-avt-0068c001-no/63f9301de2a2e2ba1df1cda5e57d0255~tplv-tiktokx-cropcenter:720:720.jpeg?dr=10399&refresh_token=363b9706&x-expires=1761944400&x-signature=qvKAtJRiogYQXR15hRNv8FOvWpM%3D&t=4d5b0474&ps=13740610&shp=a5d48078&shcp=81f88b70&idc=no1a,esist.can,"Hashtags und Posting Zeiten sind EGAL auf TikTok alles was du wissen musst! 

#bestepostingzeiten #besttimetopostontiktok #howtousehashtag #socialmediabuddy #tiktok2025 #tiktoktips #tiktokupdate #tiktoktipsandtricks #",741,70,25500,118,108,Chopin Nocturne No. 2 Piano Mono,moshimo sound design,False,2025-03-11T21:32:30.000Z,https://www.tiktok.com/@esist.can/video/7480667999104503062
https://p16-sign-va.tiktokcdn.com/tos-maliva-avt-0068/5d20f3a80945e84aa62b594ba95274d5~tplv-tiktokx-cropcenter:720:720.jpeg?dr=10399&refresh_token=28062b3b&x-expires=1761944400&x-signature=0ThHQqtCZnpNgmVp10IPtihRnQk%3D&t=4d5b0474&ps=13740610&shp=a5d48078&shcp=81f88b70&idc=no1a,upwithisaiah,How to go viral on TikTok #creatortips #creatorinsights #howtogoviral #creator ,23700,4391,702100,2055,38,original sound,upwithisaiah,True,2025-01-20T13:05:12.000Z,https://www.tiktok.com/@upwithisaiah/video/7461982609149562154
https://p16-pu-sign-no.tiktokcdn-eu.com/tos-no1a-avt-0068c001-no/073c4fa91a9151efa21eef7cbe1843e9~tplv-tiktokx-cropcenter:720:720.jpeg?dr=10399&refresh_token=9826d5ca&x-expires=1761944400&x-signature=7Sm4dcb47Lcj9arJGW1g4TmGywU%3D&t=4d5b0474&ps=13740610&shp=a5d48078&shcp=81f88b70&idc=no1a,ella13.cc,Damnüíî #relatable #fyp #viral? #edit #blowthisup? ,1900000,20900,15400000,15300,5,original sound,tokadoe,True,2025-08-16T21:38:11.000Z,https://www.tiktok.com/@ella13.cc/video/7539300919465512214
https://p16-sign-sg.tiktokcdn.com/tos-alisg-avt-0068/0eb2b1df1e7586e730d2491fa0b4dad3~tplv-tiktokx-cropcenter:720:720.jpeg?dr=10399&refresh_token=5e9bf4c2&x-expires=1761944400&x-signature=IkogTm0u52fmNJHGeiy3ZdQmAJk%3D&t=4d5b0474&ps=13740610&shp=a5d48078&shcp=81f88b70&idc=no1a,pusat.sisteam.alg,"üî•Cara Kerja Algoritma TikTok 2025üî•

1. Analisis Interaksi Pengguna secara Mendalam

TikTok memantau interaksi seperti durasi tonton (watch time), jumlah tonton ulang (rewatches), komentar, likes, shares, dan disimpan. Jika video ditonton hingga akhir -atau bahkan berulang-algoritma akan mendorongnya ke audiens yang lebih luas

2. Pemahaman Kontekstual & Deteksi Kualitas Konten

Algoritma kini mampu memahami konteks-humor, informasi, emosional-dan memprioritaskan video berkualitas tinggi (audio cerah, visual jernih, editing halus). Deteksi juga mencakup duplikasi, watermark, dan deepfake - konten asli lebih diprioritaskan.

3. Dukungan untuk Komunitas Niche & Konten Lokal TikTok memberikan bobot lebih besar pada komunitas mikro (niche) dan konten lokal serta budaya setempat. Ini artinya, konten yang relevan dengan segmentasi minat kecil berpeluang tinggi viral.

4. Kontrol Lebih dari Pengguna Fitur seperti Manage Topics memungkinkan pengguna menyesuaikan frekuensi kategori konten (humor, olahraga, hewan, dll.), serta Smart Keyword Filters untuk memblokir konten dengan kata atau frasa tertentu

5. Dukungan untuk Video Lebih Panjang Meskipun video singkat masih digemari, algoritma sekarang memberi dukungan pada video 60-90 detik bahkan hingga 10 menit, jika mampu mempertahankan engagement

terutama retensi dan watch time tinggi 6. Optimasi Teknis & Detik Awal yang Kuat TikTok menganalisis kata kunci dari caption, on-screen text, dan suara-bahkan tanpa hashtag berlebihan. Hook yang menarik di 2-3 detik pertama, pacing dinamis, serta caption keyword-rich penting untuk visibilitas.

Tips Praktis untuk Kreator

Buat hook yang kuat dalam 2-3 detik pertama untuk mempertahankan kolom tonton.

Fokus pada niche/mikro-komunitas dengan konten spesifik dan konsisten.

Gunakan keyword-relevant hashtags dan trending sounds yang tepat dalam caption/on-screen text.

Eksperimen dengan video beragam panjang-15s untuk engagement cepat,60-90s untuk storytelling.

Ajak interaksi nyata: tanya, polling, duets, prompt CTA untuk like/share/comment.

Manfaatkan fitur kontrol feed seperti Manage Topics/Keyword Filters-bisa jadi insight personalisasi.#u4 #fyp #fouryoupage #algoritmatiktok #pejuangaffiiliate ",581,474,2308,352,12,suara asli - Mika Store 8055,Mika Store 8055,True,2025-10-27T05:17:49.000Z,https://www.tiktok.com/@pusat.sisteam.alg/video/7565766382609091860
https://p19-common-sign-useastred.tiktokcdn-eu.com/tos-useast2a-avt-0068-euttp/3bb9eeee770537bc784461e0b3baba68~tplv-tiktokx-cropcenter:720:720.jpeg?dr=10399&refresh_token=f5d99749&x-expires=1761944400&x-signature=psWIe6R4DbkaGmw2a9fDp%2BG%2BE6U%3D&t=4d5b0474&ps=13740610&shp=a5d48078&shcp=81f88b70&idc=no1a,dylan.page,Beef with Thailand Kid before GTA 6 is crazzzyyyy!!üò©üíÄ,510700,839,5400000,5690,51,original sound,Dylan Page,True,2024-02-03T19:06:10.000Z,https://www.tiktok.com/@dylan.page/video/7331454036689898785
https://p19-common-sign-useastred.tiktokcdn-eu.com/tos-useast2a-avt-0068-euttp/6cdab60eda875e6bcc2bc8406a472022~tplv-tiktokx-cropcenter:720:720.jpeg?dr=10399&refresh_token=5e7f06a8&x-expires=1761944400&x-signature=km0Nv%2Ffy02SEDCpkG5G5y8hABPw%3D&t=4d5b0474&ps=13740610&shp=a5d48078&shcp=81f88b70&idc=no1a,beroslife,Wie viele Minuten hast du?üòÇ #tiktokwrapped #fyp ,15400,1756,755300,1797,22,I Can Do Anything / Finale,Christopher Lennertz,False,2024-12-22T15:51:59.000Z,https://www.tiktok.com/@beroslife/video/7451264523400465686
https://p16-sign-va.tiktokcdn.com/tos-maliva-avt-0068/e6482cf75f50a141a6498a1af557c73d~tplv-tiktokx-cropcenter:720:720.jpeg?dr=10399&refresh_token=c13d9e33&x-expires=1761944400&x-signature=e4674hGK7MK%2Bc5vLfPeugyxYCwA%3D&t=4d5b0474&ps=13740610&shp=a5d48078&shcp=81f88b70&idc=no1a,_.pjsemyink._,#colorfulstage #wuhluhwuh #fy #fyp #fyp„Ç∑ #fyp„Ç∑„Çöviral #fypage #fyppppppppppppppppppppppp #makemefamous #makemeviral #blowthisup #rant #projectsekai #commentary ,161,2,3000,25,51,bounce (i just wanna dance),—Ñ—Ä–æ–∑–∏ & joyful,False,2025-05-04T23:05:26.000Z,https://www.tiktok.com/@_.pjsemyink._/video/7500730441545174318
https://p16-sign-sg.tiktokcdn.com/tos-alisg-avt-0068/cba5ad1a4183896fdf46146598b806f0~tplv-tiktokx-cropcenter:720:720.jpeg?dr=10399&refresh_token=8000b912&x-expires=1761944400&x-signature=J3DxUlhCLqClzmoRqTBXIzHiLtw%3D&t=4d5b0474&ps=13740610&shp=a5d48078&shcp=81f88b70&idc=no1a,chyrvei,#fyp #zyxcba #blockblast #enhypen #tiktok #2024 #bruh #foryou #foryoupage #skibiditoilet ,91,5,29500,29,37,original sound - chyrvei,chyrvei,True,2024-12-24T06:40:14.000Z,https://www.tiktok.com/@chyrvei/video/7451864513260817672
https://p16-sign-va.tiktokcdn.com/tos-maliva-avt-0068/b9a8beb6b199e6e04e0ac942844f2e88~tplv-tiktokx-cropcenter:720:720.jpeg?dr=10399&refresh_token=3918706f&x-expires=1761944400&x-signature=PaPn3ZdZrXPzIvIwj%2FlMGRS9dOQ%3D&t=4d5b0474&ps=13740610&shp=a5d48078&shcp=81f88b70&idc=no1a,iceway70,#tiktokgrowth #trending #viral #real ,68000,1204,1000000,2438,5,Not Responsible - Slowed,krush,False,2025-07-10T15:24:46.000Z,https://www.tiktok.com/@iceway70/video/7525474495214259470
https://p19-common-sign-useastred.tiktokcdn-eu.com/tos-useast2a-avt-0068-giso/8f57683efa97eea57467b7230272787c~tplv-tiktokx-cropcenter:720:720.jpeg?dr=14579&refresh_token=470f81be&x-expires=1761944400&x-signature=xWQvFp%2FeEAxpqX5B%2BwPLxr1NEzc%3D&t=4d5b0474&ps=13740610&shp=a5d48078&shcp=81f88b70&idc=my2,rafiskills,"TikTok watch comments and search üîç history details.
#rips #tricks #fyp #tiktokhistory #tiktokwatch #tiktokcomments #history #viral #rafiskills ",654,12,21100,34,57,original sound,Rafi Skills,True,2024-01-28T17:31:37.000Z,https://www.tiktok.com/@rafiskills/video/7329203183039827206
https://p16-sign-sg.tiktokcdn.com/tos-alisg-avt-0068/410278baeeff72934f018284f7bc0c4f~tplv-tiktokx-cropcenter:720:720.jpeg?dr=14579&refresh_token=950f5f53&x-expires=1761944400&x-signature=Xc0l7ac7DdG%2BMss97llxWF8NeWY%3D&t=4d5b0474&ps=13740610&shp=a5d48078&shcp=81f88b70&idc=my2,_viral_news,"#Hashtags that are currently trending, use some it might push your videos out there. You can also check your analytics. Save for later #hashtags #typ #viral #trending #trendinghashtag #foryou #trend #contentcreators #contentcreator Search: hashtags to go viral on tiktoka #tiktoktips #creatortips #tiktoktutorials #newtoktokers #newontiktok #tiktokbeginners
#arqueenzoe
#hashtag #relatable #viralvideos #fypp #big_kachy44 Hashtags to go viral on tiktok 2025
trending hashtags
today
trending hashtags
2025
trending hashtags right now 2025
viral hashtags
trending hashtags
2025 to go viral ...",1913,711,294800,76,10,original sound,_viral_news,True,2025-07-12T12:38:49.000Z,https://www.tiktok.com/@_viral_news/video/7526173949651127560
https://p16-sign-va.tiktokcdn.com/tos-maliva-avt-0068/544a432d194a7e18dee93f13e03be9b6~tplv-tiktokx-cropcenter:720:720.jpeg?dr=14579&refresh_token=42902646&x-expires=1761944400&x-signature=iGtB4exqbDfbXuv6PY4lf8ldDW0%3D&t=4d5b0474&ps=13740610&shp=a5d48078&shcp=81f88b70&idc=my2,majoycreates,#TikTokGrowth #EngagementMatters #BoostYourAccount #CreatorSupport #TikTokTips #WatchEngageGrow #SocialMediaStrategy #SupportCreators #TikTokAlgorithm #FullVideoWatch #EngagementIsKey,1057,351,6178,525,8,Use this sound to go viral,Andrew,True,2025-01-29T01:23:25.000Z,https://www.tiktok.com/@majoycreates/video/7465141789096168735
https://p16-sign-sg.tiktokcdn.com/tos-alisg-avt-0068/f6f1a0cdbfdf943786c99baef18b962a~tplv-tiktokx-cropcenter:720:720.jpeg?dr=14579&refresh_token=427ab5f8&x-expires=1761944400&x-signature=irdUrI1Nm02aPmOxF1URLIA6ciQ%3D&t=4d5b0474&ps=13740610&shp=a5d48078&shcp=81f88b70&idc=my2,suzyleensantos,"Algorithm update June 2025 #june #algorithm #tiktoktips    #creatorsearchinsights 
#algorithmtiktok ",149,4,1709,2,27,PARTY 4 U x NEVER BE LIKE YOU,ALT√âGO,True,2025-06-11T11:41:55.000Z,https://www.tiktok.com/@suzyleensantos/video/7514655649142181127
https://p19-common-sign-useastred.tiktokcdn-eu.com/tos-useast2a-avt-0068-euttp/f0be5f9f306127c7cd59d1656e05c511~tplv-tiktokx-cropcenter:720:720.jpeg?dr=14579&refresh_token=d92daabd&x-expires=1761944400&x-signature=kveMMFeboSXfd8Sd17zbe7DH8IM%3D&t=4d5b0474&ps=13740610&shp=a5d48078&shcp=81f88b70&idc=my2,movie_pa,"# Movie and Film Hashtags
1. #MovieMagic (4.5B views)
2. #FilmMaking (2.5B views)
3. #MovieNight (2.3B views)
4. #Cinema (1.8B views)
5. #MovieLover (1.6B views)

# Viral and Trending Hashtags
1. #TrendingNow (13.4B views)
2. #ViralVideo (8.4B views)
3. #TikTokFamous (5.4B views)
4. #InstantFamous (4.1B views)
5. #GoViral (3.5B views)

# Movie Series and Episode Hashtags
1. #MovieSeries (1.4B views)
2. #EpisodeOne (832.6M views)
3. #NewEpisode (541.9M views)
4. #SeriesFinale (434.9M views)
5. #BingeWatching (364.9M views)

# Tips to Go Viral on TikTok
1. *Use catchy music*: Choose a popular or trending song that fits your movie series' theme.
2. *Keep it short and sweet*: TikTok users have a short attention span, so keep your videos concise and engaging.
3. *Post consistently*: Regularly post new episodes or updates to keep your audience engaged.
4. *Engage with the community*: Respond to comments, answer questions, and interact with your viewers.
5. *Use relevant hashtags*: Use a mix of popular and niche hashtags to reach a wider audience.

Remember, going viral on TikTok requires a combination of creativity, consistency, and luck. Focus on producing high-quality content that resonates with your audience, and use these hashtags to increase your visibility.",2465,38,232600,148,58,original sound,Movie_Hhh,True,2025-06-19T14:59:58.000Z,https://www.tiktok.com/@movie_pa/video/7517675365515480342
https://p16-sign-va.tiktokcdn.com/tos-maliva-avt-0068/007e54b7e1e04d9b142ca784c24d46c1~tplv-tiktokx-cropcenter:720:720.jpeg?dr=14579&refresh_token=079c661c&x-expires=1761944400&x-signature=7m7q78jidK83d7UVLravuS2rvN8%3D&t=4d5b0474&ps=13740610&shp=a5d48078&shcp=81f88b70&idc=my2,itsyourgirl_kimmie,Tips: Best time to post on tiktok #creatorsearchinsights #tips  #besttimetopostontiktok #tiktokshopcreatorpilot ,542,133,63300,94,9,original sound,K,True,2025-04-12T01:40:54.000Z,https://www.tiktok.com/@itsyourgirl_kimmie/video/7492235561445510430
https://p16-sign-va.tiktokcdn.com/tos-maliva-avt-0068/356506d4b4403f0f82b4b7c7c89e0cca~tplv-tiktokx-cropcenter:720:720.jpeg?dr=14579&refresh_token=e0a0b717&x-expires=1761944400&x-signature=xTbOc53ljzEjJF4t2tCwr2rjch8%3D&t=4d5b0474&ps=13740610&shp=a5d48078&shcp=81f88b70&idc=my2,muhammadali19181,"Suggested title and hashtags
Title: Unlocking Creator Search Insights
#tips, #creatorinsights, #tiktoktricks, #howtogoviral, #contentcreation
#creatorsearchinsights #learnontiktok ",5766,2692,610300,687,67,original sound,Muhammad Ali,True,2025-07-12T19:49:57.000Z,https://www.tiktok.com/@muhammadali19181/video/7526285052754283798
https://p16-sign-sg.tiktokcdn.com/tos-alisg-avt-0068/8135c2cdffdc9c1f0db22ad5e24478a0~tplv-tiktokx-cropcenter:720:720.jpeg?dr=14579&refresh_token=827782ea&x-expires=1761944400&x-signature=4YjwQjrV18RMyIL3HDPqTEqzhMk%3D&t=4d5b0474&ps=13740610&shp=a5d48078&shcp=81f88b70&idc=my2,nethynesstiktokshopjapan,"Hindi lahat ng metrics sa TikTok analytics mahalaga. Focus ka lang sa tatlo: average watch time, watch full videos, at pinaka-importante retention rate.
Kung ganito ang itsura ng graph mo, viral ka na! 
Save mo tong video na ‚Äòto para every time mag-check ka ng analytics, alam mo kung saan ka dapat mag-focus.

#TikTokTips #SocialMediaGrowth #ContentCreatorLife #ViralTips
#creatorsearchinsights ",96,43,952,79,98,original sound - Nethyness in Japan,Nethyness in Japan,True,2025-09-25T14:28:47.000Z,https://www.tiktok.com/@nethynesstiktokshopjapan/video/7554033681241836808
https://p77-sign-va.tiktokcdn.com/tos-maliva-avt-0068/2901cdfa6352b65fa9f9354e208c7433~tplv-tiktokx-cropcenter:720:720.jpeg?dr=14579&refresh_token=4582c9f2&x-expires=1761944400&x-signature=SMgiG%2F%2F8fmjJwic8l1vnySWTGrE%3D&t=4d5b0474&ps=13740610&shp=a5d48078&shcp=81f88b70&idc=my2,voicemod,comment for a pookie #roblox #fyp #worldrecord #meme most commented video on tiktok music by EMBRR,388300,39000,5400000,1800000,30,original sound,Voicemod üéô,True,2024-05-13T13:59:55.000Z,https://www.tiktok.com/@voicemod/video/7368483641355177249
https://p16-sign-va.tiktokcdn.com/tos-maliva-avt-0068/3d5019ce10742b90ee425268abdce9da~tplv-tiktokx-cropcenter:720:720.jpeg?dr=14579&refresh_token=47e379d6&x-expires=1761944400&x-signature=iPYurbTozV3mgw2y2foVcRjfHj8%3D&t=4d5b0474&ps=13740610&shp=a5d48078&shcp=81f88b70&idc=my2,muffy180,#meme #fy #what #photos #bro ,347,59,107000,104,15,WE ALL KNOW NO ONE,FACE ZERO,False,2025-08-17T18:57:46.000Z,https://www.tiktok.com/@muffy180/video/7539630656993774904
https://p16-common-sign.tiktokcdn-us.com/tos-maliva-avt-0068/2136053c2b16fb2438001f7ed5cf2834~tplv-tiktokx-cropcenter:720:720.jpeg?dr=9640&refresh_token=e65e7c39&x-expires=1761944400&x-signature=5hTEfapMSDG0kCh1yuce%2FnPzIlc%3D&t=4d5b0474&ps=13740610&shp=a5d48078&shcp=81f88b70&idc=useast5,uktiktok031,"Suggested title and hashtags
Title: Unlock the Secrets to Going Viral!
#goviral, #tiktoktips, #contentcreation, #foryoupage, #viralcontent #creatorsearchinsights @tiktok creators @Edward Aurelius ",408800,37900,13600000,12700,60,ÿßŸÑÿµŸàÿ™ ÿßŸÑÿ£ÿµŸÑŸä,üî•üî•üî•üòéŸÖŸÑŸÉ ÿßŸÑŸÇÿ±ÿßÿµŸÜÿ© üî•üî•üî•,True,2025-07-28T13:14:43.000Z,https://www.tiktok.com/@uktiktok031/video/7532120554996796674
https://p16-common-sign.tiktokcdn-us.com/tos-maliva-avt-0068/2f4fed6997ee6aaa9f624c78fe2bd5f3~tplv-tiktokx-cropcenter:720:720.jpeg?dr=9640&refresh_token=7bb46405&x-expires=1761944400&x-signature=iYihFJjL4gwxVqxKe0XCnmaJhBQ%3D&t=4d5b0474&ps=13740610&shp=a5d48078&shcp=81f88b70&idc=useast5,vinnie.van.gogh3,‚ÄúAre you on a 5 hashtag restriction?‚ÄùTesting the impact of placing hashtags in the first comment! üìà Let's see if it boosts discoverability.‚Äù #TikTokTips #HashtagStrategy #ContentCreation #fyp #growth,46,1,488,6,6,DAISIES,Justin Bieber,False,2025-08-05T20:54:35.000Z,https://www.tiktok.com/@vinnie.van.gogh3/video/7535207753673903382
https://p16-common-sign.tiktokcdn-us.com/tos-useast5-avt-0068-tx/e744de0b6257ef8c8c6fde68c6a91b2f~tplv-tiktokx-cropcenter:720:720.jpeg?dr=9640&refresh_token=412f1833&x-expires=1761944400&x-signature=3A%2FB619s1lzNZepa%2FEQ%2BV0Yvso0%3D&t=4d5b0474&ps=13740610&shp=a5d48078&shcp=81f88b70&idc=useast5,theunengagedagent,#creatorsearchinsights Discover How to Check Your Comment History on TikTok! #tuatt Want to keep track of your comments on TikTok? Follow these simple steps to check your comment history and stay in control of your online presence! üì±‚ú® #tiktok #commenthistory #checkingcomments #socialmediatips #activitycenter #settingsandprivacy #userprofile #onlineactivity @Tampa Real Estate and Pasco ,7568,552,874300,338,35,original sound,Ai Marketing for Realtors,True,2024-03-21T22:54:47.000Z,https://www.tiktok.com/@theunengagedagent/video/7348953933894733098
https://p16-common-sign.tiktokcdn-us.com/tos-useast5-avt-0068-tx/02dcc20818844db0223c92c17601f0c2~tplv-tiktokx-cropcenter:720:720.jpeg?dr=9640&refresh_token=bf8a5065&x-expires=1761944400&x-signature=1uOVMNyBY2wCKKX2WNr4J37O6%2BI%3D&t=4d5b0474&ps=13740610&shp=a5d48078&shcp=81f88b70&idc=useast5,zayyhunta,Look I really do believe this might work it‚Äôs just a hunch so will see if I land on your fyp don‚Äôt lie (GOD WATCHING) üôèüèæüôåüèæ‚ù§Ô∏è‚Äçüî•#taylorswift #alta #taylorswift #sabrinacarpenter #chappellroan #uselection #kendricklamar #superbowl ,130,9,9152,20,11,Bliss (Slowed),Klsr,False,2025-06-17T21:28:38.000Z,https://www.tiktok.com/@zayyhunta/video/7517033279703239966
https://p16-common-sign.tiktokcdn-us.com/tos-useast8-avt-0068-tx2/9d9cfa890b24c66cd88e69b57d16fb06~tplv-tiktokx-cropcenter:720:720.jpeg?dr=9640&refresh_token=f54f9a4a&x-expires=1761944400&x-signature=X7xGcxS3FIx%2BNocXI%2BFzB5WcEOM%3D&t=4d5b0474&ps=13740610&shp=a5d48078&shcp=81f88b70&idc=useast5,taliyahrigginsofficals,Viral Hashtag Formula! #tiktokalgorithm #contentstrategy #tiktokgrowthtips #contentcreator #tiktoktips ,245,42,6191,37,86,original sound,Taliyah Rigginsüñ§,True,2025-10-22T17:57:10.000Z,https://www.tiktok.com/@taliyahrigginsofficals/video/7564106642577575199
https://p16-common-sign.tiktokcdn-us.com/tos-useast8-avt-0068-tx2/7f876206db89e6b8e48b365ddbeb73a0~tplv-tiktokx-cropcenter:720:720.jpeg?dr=9640&refresh_token=bfeca1a4&x-expires=1761944400&x-signature=iqxw9rM%2Bl0Wy6I37mEq%2BC96%2F2zs%3D&t=4d5b0474&ps=13740610&shp=a5d48078&shcp=81f88b70&idc=useast5,elyserox00,"Well, I guess there‚Äôs a new Tiktok rollout so you better make sure that your SCO is on point. No more bad descriptions!  your description is gonna matter more than your hashtags. I‚Äôm gonna say because you‚Äôre only allowed 5 to 7. It‚Äôs an a and B testing that Tiktok is rolling out that you‚Äôre only allowed 5 to 7 hashtags. They want you to be more fine-tuned on your hashtag so ##TikTok #TikTokUpdate #hastagLimit #Creators #fyp ",22,2,2138,20,55,original sound,‚ùåBillyBadAss‚ùå,True,2025-08-12T15:16:49.000Z,https://www.tiktok.com/@elyserox00/video/7537718222594805022
https://p16-common-sign.tiktokcdn-us.com/tos-useast8-avt-0068-tx2/fc60e5da1c4b7828d45e6107c3504629~tplv-tiktokx-cropcenter:720:720.jpeg?dr=9640&refresh_token=f886a342&x-expires=1761944400&x-signature=1vM4TOFq%2FijoZQO1ZXo3Wn7N26w%3D&t=4d5b0474&ps=13740610&shp=a5d48078&shcp=81f88b70&idc=useast5,c0sm1c.br0wni33,how many timesssü§∑‚Äç‚ôÄÔ∏èüëÖ#fyp #attention #comment #hashtag ,47,0,540,7,7,original sound,boww,True,2025-10-22T20:02:57.000Z,https://www.tiktok.com/@c0sm1c.br0wni33/video/7564138953733852430
https://p16-common-sign.tiktokcdn-us.com/tos-maliva-avt-0068/7363443914789486598~tplv-tiktokx-cropcenter:720:720.jpeg?dr=9640&refresh_token=bf3f64bf&x-expires=1761944400&x-signature=z2pDnhK%2BoNTBqfJsznfIhBdqkIc%3D&t=4d5b0474&ps=13740610&shp=a5d48078&shcp=81f88b70&idc=useast5,influicity,"Did you know about this TikTok secret? Let us know below ‚¨áÔ∏è

#tiktoksecrets #tiktoktricksandtips #tiktokhacks #tiktokupdate ",6428,2032,476400,353,27,original sound,Influicity,True,2023-08-02T21:41:53.000Z,https://www.tiktok.com/@influicity/video/7262843430512905477
https://p16-common-sign.tiktokcdn-us.com/tos-useast5-avt-0068-tx/a797020074ef26fb261cf2fc72387a8b~tplv-tiktokx-cropcenter:720:720.jpeg?dr=9640&refresh_token=f56efd77&x-expires=1761944400&x-signature=OJSVP8%2BazjS08%2FZcUioIqD6yxVI%3D&t=4d5b0474&ps=13740610&shp=a5d48078&shcp=81f88b70&idc=useast5,sammysnipes,IM SO CONFUSED WHY IS TIK TOK GIVING ME RANDOM HASHTAGS WHEN I MAKE PROMO VIDEOS HELLO,33,0,1767,10,15,original sound,sammy  ‚ó°Ãà,True,2025-06-04T14:09:36.000Z,https://www.tiktok.com/@sammysnipes/video/7512095826676600106
https://p16-common-sign.tiktokcdn-us.com/tos-useast5-avt-0068-tx/2a53e1064048f87257b8511f1988573e~tplv-tiktokx-cropcenter:720:720.jpeg?dr=9640&refresh_token=4179c262&x-expires=1761944400&x-signature=60IhHdDygYcGq2sZ5WPZrRMuMqI%3D&t=4d5b0474&ps=13740610&shp=a5d48078&shcp=81f88b70&idc=useast5,boyzmuva,"TikTok now limits posts to 5 hashtags max ‚Äî and it‚Äôs not about cutting your reach, it‚Äôs about forcing you to be intentional. This update started mid-July 2025 and by early August it hit almost every creator.

If you‚Äôve been using random trending tags, you might be hurting your views. The key now is choosing a mix of trending, niche, and personal brand hashtags and in part two, I‚Äôll show you exactly how. Comment ‚Äúpart two‚Äù below if you want the full breakdown. #tiktokupdate
#creatortips 
#5hashtags 
#algorithmupdate 
#contentgrowth ",231,22,5417,42,68,original sound,Boyzmuva üß©,True,2025-08-12T20:35:25.000Z,https://www.tiktok.com/@boyzmuva/video/7537800365811535159
https://p16-common-sign.tiktokcdn-us.com/tos-maliva-avt-0068/a24d7b083a7abe2cb41fa31a7e01784b~tplv-tiktokx-cropcenter:720:720.jpeg?dr=9640&refresh_token=085d9b0e&x-expires=1761944400&x-signature=i3pc%2FeEqMZWq4Ynm9i66SZS7%2BQ8%3D&t=4d5b0474&ps=13740610&shp=a5d48078&shcp=81f88b70&idc=useast5,ayrubber,"Since TikTok only lets us use 5 hashtags, you want to pick the ones that actually categorize your video the best. Think niche, trending, and long term discoverability ALWAYS

#TikTokTips
#HashtagStrategy #TikTokGrowth
#ContentTips
#SocialMediaStrategy",28800,2868,580200,917,93,original sound,MR SAM,True,2025-09-20T10:33:09.000Z,https://www.tiktok.com/@ayrubber/video/7552117438360374544
https://p16-sign-va.tiktokcdn.com/tos-maliva-avt-0068/f01d3f4a77dc1ad365d6e50f23506e5b~tplv-tiktokx-cropcenter:720:720.jpeg?dr=14579&refresh_token=1645f4e0&x-expires=1761944400&x-signature=0Zw%2B%2FGvv2OfRHe1UV2mhMLlloKo%3D&t=4d5b0474&ps=13740610&shp=a5d48078&shcp=81f88b70&idc=sg1,unitedkingdom_143,Unlocking Viral Success!! Your Guide to TikTok fame üí∞ Help me go viral #howtogoviral #tiktoktips #tiktokgrowth #contentcreation #creatorsearchinsights ,3,0,333,0,47,original sound,Dark Night üè¥‚Äç‚ò†Ô∏è,True,2025-09-19T20:31:21.000Z,https://www.tiktok.com/@unitedkingdom_143/video/7551900599634169110
https://p16-sign-va.tiktokcdn.com/tos-maliva-avt-0068/025a519d3126806dc16725d64c9b52a2~tplv-tiktokx-cropcenter:720:720.jpeg?dr=14579&refresh_token=5765f6a2&x-expires=1761944400&x-signature=mpVmdjPCRNz8jAGy1vQxSKqbRgc%3D&t=4d5b0474&ps=13740610&shp=a5d48078&shcp=81f88b70&idc=sg1,aylaqueen1216,"D√©sabonnez-vous SVP de mon compte si vous n‚Äô√™tes pas actif et si vous ne me soutenez pas sur tiktok - Je demande √† chacun d‚Äôentre vous de liker, commenter, partager, enregistrer et republier üôè REGARDEZ SVP ENTI√àREMENT CHACUNE DES VID√âOS c‚Äôest tr√®s important pour moi üòúüòú 
@‚òÄÔ∏èAYLA‚Ñ¢lemondedayla #whatchtime#percersurtiktok#reussirsurtiktok#revenutiktok#viral#pourtoi",252,8,6771,158,95,son original,AYLAüëëQUEEN,True,2024-04-01T10:58:23.000Z,https://www.tiktok.com/@aylaqueen1216/video/7352851279799995681
https://p16-sign-va.tiktokcdn.com/tos-maliva-avt-0068/4616e60d28be58ad709f0bbbd0297a0c~tplv-tiktokx-cropcenter:720:720.jpeg?dr=14579&refresh_token=ba3f3c93&x-expires=1761944400&x-signature=IgxW28nMvvqJsKdmC6l0YBwJNw8%3D&t=4d5b0474&ps=13740610&shp=a5d48078&shcp=81f88b70&idc=sg1,mabelvinyet.author,"Literally can‚Äôt even anymore
#wtf #booktok ",46,1,426,24,11,WTF (feat. Amber Van Day),HUGEL,False,2025-06-20T01:23:42.000Z,https://www.tiktok.com/@mabelvinyet.author/video/7517836033673727263
https://p19-common-sign-useastred.tiktokcdn-eu.com/tos-useast2a-avt-0068-euttp/66f6d34dd6102cbfc617e821b59b10e0~tplv-tiktokx-cropcenter:720:720.jpeg?dr=14579&refresh_token=1b2244cd&x-expires=1761944400&x-signature=4EipQxPSQZxKfPmxYnU2KSEmKCg%3D&t=4d5b0474&ps=13740610&shp=a5d48078&shcp=81f88b70&idc=sg1,michellerbf,"Dont ask me, iv no clue ü§£ü§≥

.
#fyp #foryou #viral #trending #tiktokgrowth #howtogoviral #tiktoktips #trendalert #contentcreator ",81,6,755,52,8,original sound,Michelle,True,2025-05-27T07:20:12.000Z,https://www.tiktok.com/@michellerbf/video/7509021902510279958
https://p16-sign-va.tiktokcdn.com/tos-maliva-avt-0068/412da6fc08e28e068baad639b2260b1b~tplv-tiktokx-cropcenter:720:720.jpeg?dr=14579&refresh_token=439bcc4e&x-expires=1761944400&x-signature=gO4hMc1l2Be55mwZYL8hlhWFBfU%3D&t=4d5b0474&ps=13740610&shp=a5d48078&shcp=81f88b70&idc=sg1,goviraltogether369,"Want to go viral on TikTok? Timing is everything. Post during these peak engagement hours to boost your reach, views, and visibility. Save this and schedule your next drop strategically!

Top Hashtags:

#TikTokTips #ContentCreator 

#TikTokGrowth #ViralStrategy #PeakTimes #SocialMediaHacks #TikTokMarketing #HealerOnTikTok #TimingIsEverything #PostToGrow ",1787,414,174900,281,8,We Are One,Maze & Frankie Beverly,False,2025-05-04T19:19:49.000Z,https://www.tiktok.com/@goviraltogether369/video/7500672295346736427
https://p19-common-sign-useastred.tiktokcdn-eu.com/tos-useast2a-avt-0068-euttp/5d55cb4523d5b386b2fd53b942d81fde~tplv-tiktokx-cropcenter:720:720.jpeg?dr=14579&refresh_token=e2651a5c&x-expires=1761944400&x-signature=3sFrPz78xhpGAsuTPIQc5IZ82hs%3D&t=4d5b0474&ps=13740610&shp=a5d48078&shcp=81f88b70&idc=sg1,mikezeroh.us789,#daciebie #zbyszekkucharski #zbyszekkucharski #zbigniewkucharski #creativework #girrldance,2,0,12400,0,546,Summer Sunrise,Wilcox Kenyon,False,2025-10-14T09:42:37.000Z,https://www.tiktok.com/@mikezeroh.us789/video/7561009214613638422
https://p19-common-sign-useastred.tiktokcdn-eu.com/tos-useast2a-avt-0068-euttp/f0be5f9f306127c7cd59d1656e05c511~tplv-tiktokx-cropcenter:720:720.jpeg?dr=14579&refresh_token=d92daabd&x-expires=1761944400&x-signature=kveMMFeboSXfd8Sd17zbe7DH8IM%3D&t=4d5b0474&ps=13740610&shp=a5d48078&shcp=81f88b70&idc=my2,movie_pa,"# Movie and Film Hashtags
1. #MovieMagic (4.5B views)
2. #FilmMaking (2.5B views)
3. #MovieNight (2.3B views)
4. #Cinema (1.8B views)
5. #MovieLover (1.6B views)

# Viral and Trending Hashtags
1.  (13.4B views)
2.  (8.4B views)
3.  (5.4B views)
4.  (4.1B views)
5.  (3.5B views)

# Movie Series and Episode Hashtags
1.  (1.4B views)
2.  (832.6M views)
3.  (541.9M views)
4.  (434.9M views)
5.  (364.9M views)

# Tips to Go Viral on TikTok
1. *Use catchy music*: Choose a popular or trending song that fits your movie series' theme.
2. *Keep it short and sweet*: TikTok users have a short attention span, so keep your videos concise and engaging.
3. *Post consistently*: Regularly post new episodes or updates to keep your audience engaged.
4. *Engage with the community*: Respond to comments, answer questions, and interact with your viewers.
5. *Use relevant hashtags*: Use a mix of popular and niche hashtags to reach a wider audience.

Remember, going viral on TikTok requires a combination of creativity, consistency, and luck. Focus on producing high-quality content that resonates with your audience, and use these hashtags to increase your visibility.",433,1,8864,9,58,original sound,Movie_Hhh,True,2025-10-17T15:57:57.000Z,https://www.tiktok.com/@movie_pa/video/7562220528568765718
https://p16-sign-va.tiktokcdn.com/tos-maliva-avt-0068/89faad072895a75ef998a16a866a0944~tplv-tiktokx-cropcenter:720:720.jpeg?dr=14579&refresh_token=3c7301cb&x-expires=1761944400&x-signature=KyoXWLHEh9lTMmn4rxaN82FwzB0%3D&t=4d5b0474&ps=13740610&shp=a5d48078&shcp=81f88b70&idc=sg1,sistrology935,"#creatorsearchinsights Suggested title and hashtags
Title: Mastering Hashtags: Your Guide to Going Viral
#hashtagtips , #gotviral , #tiktokgrowth , #contentstrategy , #viralvideos ",110,11,23600,16,7,original sound,Sistrology,True,2025-08-10T03:44:46.000Z,https://www.tiktok.com/@sistrology935/video/7536797716974669078
https://p16-sign-va.tiktokcdn.com/tos-maliva-avt-0068/1fb4ca36a0dec7054816bd87b758db18~tplv-tiktokx-cropcenter:720:720.jpeg?dr=14579&refresh_token=e2dd895d&x-expires=1761944400&x-signature=aIl1dxwhA4q64HBj%2BHW6CPyucow%3D&t=4d5b0474&ps=13740610&shp=a5d48078&shcp=81f88b70&idc=sg1,respectarmy7,"Suggested title and hashtags
Title: Unlock Your Potential with Creator Insights
#creatorinsights, #tiktokgrowth, #contentcreatortips, #tiktoktips, TikTok video for you water pool ",753,52,66700,71,60,bunyi asal - üåπƒ±'…±  ÇƒÖ ë ë·Éßüåπ,üåπƒ±'…±  ÇƒÖ ë ë·Éßüåπ,True,2025-10-19T16:04:07.000Z,https://www.tiktok.com/@respectarmy7/video/7562964285589097750
https://p19-common-sign-useastred.tiktokcdn-eu.com/tos-useast2a-avt-0068-euttp/acd7bb1f4c99d0e338b391eb1e097512~tplv-tiktokx-cropcenter:720:720.jpeg?dr=14579&refresh_token=8f1102de&x-expires=1761944400&x-signature=pt4Z8uOGBtrCVxGEjVHtWoC2U6s%3D&t=4d5b0474&ps=13740610&shp=a5d48078&shcp=81f88b70&idc=sg1,tanya_pitka,"–ö–∞–∫ –Ω–∞—á–∞—Ç—å –º–æ–Ω–µ—Ç–∏–∑–∏—Ä–æ–≤–∞—Ç—å —Å–≤–æ–π –∞–∫–∫–∞—É–Ω—Ç —ç–∫—Å–ø–µ—Ä—Ç—É?–æ–±—É—á–µ–Ω–∏–µ, –∑–∞–ø–∏—Å—å –Ω–∞ –∫–æ–Ω—Å—É–ª—å—Ç–∞—Ü–∏–∏ –≤ –ª—Å. 

‚ÄºÔ∏è–ø–æ—Å–º–æ—Ç—Ä–µ—Ç—å –≤–∏–¥–µ–æüëâüèª
@—Ç–∏–∫—Ç–æ–∫ –ø—Ä–æ–¥–≤–∏–∂–µ–Ω–∏–µ  —Ç–∏–∫—Ç–æ–∫ —Å–∫–ª—ã–≤–∞–µ—Ç –∫–æ–º–º–µ–Ω—Ç–∞—Ä–∏–∏ –∑–¥–µ—Å—å.
 
–ö–∞–∫ –ø–æ—Å–º–æ—Ç—Ä–µ—Ç—å –≤—Å–µ –∫–æ–º–º–µ–Ω—Ç–∞—Ä–∏–∏ –≤ —Ç–∏–∫—Ç–æ–∫, –∫–∞–∫ –Ω–∞–π—Ç–∏ –≤—Å–µ —Å–≤–æ–∏ –∫–æ–º–º–µ–Ω—Ç–∞—Ä–∏–∏ –∏ —É–¥–∞–ª–∏—Ç—å, –∫–∞–∫ –ø–æ—Å–º–æ—Ç—Ä–µ—Ç—å –∏—Å—Ç–æ—Ä–∏—é –∫–æ–º–º–µ–Ω—Ç–∞—Ä–∏–µ–≤, —Ü–µ–Ω—Ç—Ä –∞–∫—Ç–∏–≤–Ω–æ—Å—Ç–∏ –≤ —Ç–∏–∫—Ç–æ–∫, –≥–¥–µ —Å–∫—Ä—ã—Ç—ã–µ –∫–æ–º–º–µ–Ω—Ç–∞—Ä–∏–∏ –≤ —Ç–∏–∫—Ç–æ–∫. 

#creatorsearchinsights #—Ç—É—Ç–æ—Ä–∏–∞–ª #–æ–±—É—á–µ–Ω–∏–µ—Ç–∏–∫—Ç–æ–∫ #–Ω–æ–≤–∏—á–æ–∫–≤—Ç–∏–∫—Ç–æ–∫ #—ç–∫—Å–ø–µ—Ä—Ç #–ø—Ä–æ–¥–≤–∏–∂–µ–Ω–∏–µ—Ç–∏–∫—Ç–æ–∫ ",859,152,71300,106,39,Natural Emotions,Muspace Lofi,False,2025-01-20T19:20:17.000Z,https://www.tiktok.com/@tanya_pitka/video/7462079668447874326
https://p16-sign-va.tiktokcdn.com/tos-maliva-avt-0068/40b0e858728cb73503a51f284a1bf60d~tplv-tiktokx-cropcenter:720:720.jpeg?dr=14579&refresh_token=e13dd047&x-expires=1761944400&x-signature=3P4BxIEGOoIhGvsBCiOiPR4pX0k%3D&t=4d5b0474&ps=13740610&shp=a5d48078&shcp=81f88b70&idc=sg1,anniebaby37,#Hello #ItsMe #Fyp ,1,0,62,0,12,Hello,Cardi B,False,2025-10-05T00:28:57.000Z,https://www.tiktok.com/@anniebaby37/video/7557527979606215950
https://p16-sign-va.tiktokcdn.com/tos-maliva-avt-0068/1556f9b23f5cc05bd9ee4f2bc8a80e22~tplv-tiktokx-cropcenter:720:720.jpeg?dr=14579&refresh_token=4687c06b&x-expires=1761944400&x-signature=KsCAUplO6pCPZ1RPdw3w96gwryo%3D&t=4d5b0474&ps=13740610&shp=a5d48078&shcp=81f88b70&idc=sg1,cattitudevibes777,"#creatorsearchinsights
 Suggested title and hashtags
Title: Hello Cat Meme: The Funniest Moments
#catmeme, #funnycats, #viralvideos, #catsoftiktok, ",1155,53,65200,142,71,original sound,Cattitude Vibes,True,2025-08-17T02:11:15.000Z,https://www.tiktok.com/@cattitudevibes777/video/7539371185352510734
https://p16-common-sign.tiktokcdn-us.com/tos-alisg-avt-0068/9c352415f79cd47c3c7d18a6906a9751~tplv-tiktokx-cropcenter:720:720.jpeg?dr=9640&refresh_token=4b1accda&x-expires=1761944400&x-signature=lJPmXrvHVxKJYp63jFnjX2rneh4%3D&t=4d5b0474&ps=13740610&shp=a5d48078&shcp=81f88b70&idc=useast8,_thv__17,Top 10 most viewed hashtags on TikTok ü•πü´¶#ot7_jeonkatie #fyp„Ç∑ #btsarmy #pleasefollowme #unfreezemyacount #viral #growmyaccount #1millionlikesüí•‚ù§Ô∏è #bangtansonyeondanÎ∞©ÌÉÑÏÜåÎÖÑÎã® #10kfollowersüò≠üò≠üò≠üò≠ #ot7_jeonkatie ,806,23,53700,56,29,original sound,V,True,2023-09-13T09:38:28.000Z,https://www.tiktok.com/@_thv__17/video/7278242580129664262
https://p16-common-sign.tiktokcdn-us.com/tos-alisg-avt-0068/af313a5c3c63bb8d835e3485e169e05e~tplv-tiktokx-cropcenter:720:720.jpeg?dr=9640&refresh_token=1ce615bd&x-expires=1761944400&x-signature=Gr%2BHTrhKdxnCNv2Qg081EzVAeN4%3D&t=4d5b0474&ps=13740610&shp=a5d48078&shcp=81f88b70&idc=useast8,simobst70,X comment üò±üíÄ#creatorsearchinsights #tutorial #fyp #sticker #comment #x ,76700,1263,4200000,320100,13,AS MINA PIRA!,Dj Shazam Beat,False,2025-06-06T19:35:55.000Z,https://www.tiktok.com/@simobst70/video/7512922363365838085
https://p16-common-sign.tiktokcdn-us.com/tos-useast5-avt-0068-tx/4550fae3ab9dbe4d509cd8a4d75b5ebc~tplv-tiktokx-cropcenter:720:720.jpeg?dr=9640&refresh_token=9978c858&x-expires=1761944400&x-signature=sXkgL%2Br8%2FaMiabtZvKxaDWPzfO4%3D&t=4d5b0474&ps=13740610&shp=a5d48078&shcp=81f88b70&idc=useast8,teresatbj,"Somehow a few of my videos had comments turned off‚Ä¶ and I didn‚Äôt do it ü§∑üèΩ‚Äç‚ôÄÔ∏è Here‚Äôs how to fix it: Three lines ‚û°Ô∏è Privacy Settings ‚û°Ô∏è Activity Center ‚û°Ô∏è Manage Comments. You‚Äôll see a list of your videos ‚Äî if any say ‚ÄúComments not allowed,‚Äù just tap the circle to restore and allow comments again ‚úÖüó®Ô∏è

#TikTokTips #CommentFix #StepByStepGuide #SocialMediaHelp #VisibilityHack",4623,642,446000,310,34,original sound,TeresaJ,True,2025-08-09T01:53:10.000Z,https://www.tiktok.com/@teresatbj/video/7536397812183944461
https://p16-common-sign.tiktokcdn-us.com/tos-useast8-avt-0068-tx2/8b5671d44973d1c73f14d9ea5834bc86~tplv-tiktokx-cropcenter:720:720.jpeg?dr=9640&refresh_token=1fa70f82&x-expires=1761944400&x-signature=VnU6PKC8nX2HWDDD6S46909PgNI%3D&t=4d5b0474&ps=13740610&shp=a5d48078&shcp=81f88b70&idc=useast8,vaamp,HASHTAG TUT #hashtaglimit #fyp #relatable #fyp #tiktok ,332100,16400,3700000,3857,23,Club Penguin Pizza Parlor,Cozy Penguin,True,2025-08-21T17:16:57.000Z,https://www.tiktok.com/@vaamp/video/7541088986857590046
https://p16-common-sign.tiktokcdn-us.com/tos-alisg-avt-0068/0ad4adc63f861fe697841f26cab848e0~tplv-tiktokx-cropcenter:720:720.jpeg?dr=9640&refresh_token=6f6d2bb9&x-expires=1761944400&x-signature=zwAS2Zs7IcT719ZgBysNA%2F2csRE%3D&t=4d5b0474&ps=13740610&shp=a5d48078&shcp=81f88b70&idc=useast8,linaectydqh,"Kalau kamu mau FYP (For You Page) di TikTok ‚Äî artinya videomu muncul di beranda banyak orang ‚Äî ada beberapa strategi algoritmik + kreatif yang bisa kamu terapkan. Aku jelaskan langkah-langkahnya secara rinci ya
‚Äé
‚ÄéPahami Algoritma TikTok
‚Äé
‚ÄéTikTok menilai video berdasarkan 3 hal utama:
‚Äé
‚ÄéWatch time (waktu tonton) ‚Äî semakin lama orang menonton, semakin tinggi peluang FYP.
‚Äé
‚ÄéEngagement rate ‚Äî like, comment, share, save.
‚Äé
‚ÄéRelevansi konten ‚Äî seberapa cocok dengan minat audiens (berdasarkan caption, hashtag, dan perilaku pengguna).

#algoritmatiktok #tiktokfyp ",12100,6686,101500,6032,12,suara asli - Tiktokalgoritma2025,Tiktokalgoritma2025,True,2025-10-28T08:26:01.000Z,https://www.tiktok.com/@linaectydqh/video/7566186002474208530
https://p16-common-sign.tiktokcdn-us.com/tos-useast8-avt-0068-tx2/5e5442227250c3967846e7ada5e24bbd~tplv-tiktokx-cropcenter:720:720.jpeg?dr=9640&refresh_token=8a9e1d6c&x-expires=1761944400&x-signature=CoBw2vBkP%2BoAYZBKtkBd%2BrwTmSs%3D&t=4d5b0474&ps=13740610&shp=a5d48078&shcp=81f88b70&idc=useast8,jonny.jae,This app will literally tell you and give you hints and signs #contentcreator #contentcreatorstruggles #contentcreatortips #howtogoviral #howtogoviraltips ,78600,17200,978300,13400,29,original sound,Jonny Jae,True,2025-03-26T22:41:40.000Z,https://www.tiktok.com/@jonny.jae/video/7486252003564227871
https://p16-common-sign.tiktokcdn-us.com/tos-useast8-avt-0068-tx2/e5480dd8b4da7a9315461f81a916d5bb~tplv-tiktokx-cropcenter:720:720.jpeg?dr=9640&refresh_token=17f10768&x-expires=1761944400&x-signature=EvsUvWFavzadCPOI24yYW4%2BW4hg%3D&t=4d5b0474&ps=13740610&shp=a5d48078&shcp=81f88b70&idc=useast8,norizz_atall,#viral #fyp ,120600,9541,2400000,4697,39,original sound,<3,True,2025-07-07T23:18:47.000Z,https://www.tiktok.com/@norizz_atall/video/7524483397507353886
https://p16-common-sign.tiktokcdn-us.com/tos-useast5-avt-0068-tx/7346439143381008426~tplv-tiktokx-cropcenter:720:720.jpeg?dr=9640&refresh_token=9c6369d5&x-expires=1761944400&x-signature=eCuoB3W4rLgh29eD1vllUpZTa3k%3D&t=4d5b0474&ps=13740610&shp=a5d48078&shcp=81f88b70&idc=useast8,emilee_d_,Please let this reach the right audience üëÄ  #viral #viralcomments #meme #questions #tiktokcomments #comments #fyp #foryou ,32,0,968,61,22,original sound,em,True,2025-08-11T17:31:36.000Z,https://www.tiktok.com/@emilee_d_/video/7537381893247896862
https://p16-common-sign.tiktokcdn-us.com/tos-useast8-avt-0068-tx2/60a701fc6b1dd44d3948a46ea983d9cb~tplv-tiktokx-cropcenter:720:720.jpeg?dr=9640&refresh_token=6f5877b7&x-expires=1761944400&x-signature=T7BjgTqQadZFI3FgDSW5FMNZ%2FHY%3D&t=4d5b0474&ps=13740610&shp=a5d48078&shcp=81f88b70&idc=useast8,happyfuntimes432,having to wait until videos get more views to see ACTUAL comments üíî #fyp ,401,0,3266,86,14,original sound,happyfuntimes,True,2025-07-10T17:34:53.000Z,https://www.tiktok.com/@happyfuntimes432/video/7525508052854803743
https://p16-common-sign.tiktokcdn-us.com/tos-maliva-avt-0068/2715bc47940e1df32370d1ba15e7e9dd~tplv-tiktokx-cropcenter:720:720.jpeg?dr=9640&refresh_token=5ff72290&x-expires=1761944400&x-signature=hJzB8bA6wWhmeXlaLf%2FVWP7fWjE%3D&t=4d5b0474&ps=13740610&shp=a5d48078&shcp=81f88b70&idc=useast8,sebaspeeed,Secret Comments ü§´‚ò†Ô∏è #comment #stickers #text #viral #sebaspeed #fyp ,11000,343,1300000,124400,8,Montagem Impacto (Slowed),SEKIRX,False,2025-03-31T01:10:44.000Z,https://www.tiktok.com/@sebaspeeed/video/7487774838900182277
https://p16-pu-sign-no.tiktokcdn-eu.com/tos-no1a-avt-0068c001-no/763965f2cb083bdc4d64859f59310ca2~tplv-tiktokx-cropcenter:720:720.jpeg?dr=10399&refresh_token=b1531f1b&x-expires=1761944400&x-signature=p3BDN%2FJfRq%2FQG7KbxCH7XyZX8Hg%3D&t=4d5b0474&ps=13740610&shp=a5d48078&shcp=81f88b70&idc=no1a,zyglip,"This comment section is literally a time paradox ‚è∞
#TimeTravel #MemeTok #commentsection  #TimeTraveler #fyp 

Want me to make the caption sound more TikTok viral style (shorter, punchier)?",2356,95,59000,36,5,original sound,ZYglip,True,2025-10-04T17:27:35.000Z,https://www.tiktok.com/@zyglip/video/7557419518524525846
https://p19-common-sign-useastred.tiktokcdn-eu.com/tos-useast2a-avt-0068-euttp/270ce61885fb279282a14fad83008ebb~tplv-tiktokx-cropcenter:720:720.jpeg?dr=10399&refresh_token=e3152b35&x-expires=1761944400&x-signature=pAGKoFRjVR2U%2FzHBJvS7dfb7f8M%3D&t=4d5b0474&ps=13740610&shp=a5d48078&shcp=81f88b70&idc=no1a,rapidburger4_vr,#CapCut #lookatthesecondhashtag #lookatthecomments ,2257,157,203100,96,9,original sound,maison,True,2023-05-22T10:56:30.000Z,https://www.tiktok.com/@rapidburger4_vr/video/7235958891752836379
https://p16-sign-va.tiktokcdn.com/tos-maliva-avt-0068/ffab0484747d380862c72281e1570f09~tplv-tiktokx-cropcenter:720:720.jpeg?dr=10399&refresh_token=b75d6066&x-expires=1761944400&x-signature=ddGWogDLRKOyt3GYvPfgOohSjg4%3D&t=4d5b0474&ps=13740610&shp=a5d48078&shcp=81f88b70&idc=no1a,meeegggzz,Reply to @pyoksgf here‚Äôs the tutorialü´∂üèª                                                            #instagram#tutorial#greenscreen#2016#tumbrl#foryou#fyp#xyzbcafyp„Ç∑,42900,352,5900000,1082,17,As It Was,Harry Styles,False,2022-04-02T06:38:04.000Z,https://www.tiktok.com/@meeegggzz/video/7081892036193881349
https://p16-pu-sign-no.tiktokcdn-eu.com/tos-no1a-avt-0068c001-no/151de011994f204f86a4c88108b2b133~tplv-tiktokx-cropcenter:720:720.jpeg?dr=10399&refresh_token=57b467e1&x-expires=1761944400&x-signature=ABf40ZWAR%2FC1dEAInb2eKfZLq84%3D&t=4d5b0474&ps=13740610&shp=a5d48078&shcp=81f88b70&idc=no1a,usexqwz,#fyp #viral ,19500,2129,508700,1196,45,original sound,slum,True,2025-09-14T12:47:47.000Z,https://www.tiktok.com/@usexqwz/video/7549925710111001878
https://p16-common-sign.tiktokcdn-us.com/tos-maliva-avt-0068/2136053c2b16fb2438001f7ed5cf2834~tplv-tiktokx-cropcenter:720:720.jpeg?dr=9640&refresh_token=e65e7c39&x-expires=1761944400&x-signature=5hTEfapMSDG0kCh1yuce%2FnPzIlc%3D&t=4d5b0474&ps=13740610&shp=a5d48078&shcp=81f88b70&idc=useast5,uktiktok031,"Suggested title and hashtags
Title: Mastering Creator Search Insights for Success
#creatorsupport, #tiktoktips, #videomaking, #contentstrategy, #growthhacks #creatorsearchinsights @tiktok creators @UK foryou trick ",27700,3412,963200,1416,66,original sound,UK foryou trick,True,2025-07-01T08:57:12.000Z,https://www.tiktok.com/@uktiktok031/video/7522034885956029718
https://p16-sign-va.tiktokcdn.com/tos-maliva-avt-0068/4bf20d0a4790265f29e4d76a9b6358e9~tplv-tiktokx-cropcenter:720:720.jpeg?dr=10399&refresh_token=87bfbf82&x-expires=1761944400&x-signature=8OAFu%2FdhH%2Bj15dzYOUqUEHNgBto%3D&t=4d5b0474&ps=13740610&shp=a5d48078&shcp=81f88b70&idc=no1a,mischivious_xed,#lookatthesecondhashtag#lookstthecomments ,3324,745,722600,1401,7,Play the sound,Ô∏è,True,2023-04-09T15:38:00.000Z,https://www.tiktok.com/@mischivious_xed/video/7220074850872855813
https://p16-sign-sg.tiktokcdn.com/tos-alisg-avt-0068/46c279674a9d92ad9ac945a335e5b6c9~tplv-tiktokx-cropcenter:720:720.jpeg?dr=10399&refresh_token=c03a0384&x-expires=1761944400&x-signature=wzPVlBdZRdzfjL3xFc8uSCX%2BPos%3D&t=4d5b0474&ps=13740610&shp=a5d48078&shcp=81f88b70&idc=no1a,minmufins,#NEWJEANS --( PAUSE TO READ ) ! WATCH üòú #ENHYPEN #dontletthisflop #fanpage #xyzbca #viral #fyp #blowthisup #MinjiYopYup #somineral #viral ,224,19,635100,53,10,DRUNKDAZED x BUDOTS MASHUP REMIX,Jaz‚ô° || ENHYPEN,True,2023-08-08T14:17:47.000Z,https://www.tiktok.com/@minmufins/video/7264955493502749958
https://p16-sign-va.tiktokcdn.com/tos-maliva-avt-0068/b93af3b94d183be0ae5f9cbbec78f671~tplv-tiktokx-cropcenter:720:720.jpeg?dr=10399&refresh_token=49ae95c5&x-expires=1761944400&x-signature=umcloDDQVqNSjrHbDGror10lwZE%3D&t=4d5b0474&ps=13740610&shp=a5d48078&shcp=81f88b70&idc=no1a,.john_b..obx,#lookatthesecondhashtag #lookatthethirdhadhtag #lookatthesound,56400,4991,421400,1828,10,Send this to someone to waste their time,Dude,True,2021-01-10T23:49:01.000Z,https://www.tiktok.com/@.john_b..obx/video/6916282587749043461
https://p16-pu-sign-no.tiktokcdn-eu.com/tos-no1a-avt-0068c001-no/358ef9f801fbdbb88024073c03b2fb43~tplv-tiktokx-cropcenter:720:720.jpeg?dr=10399&refresh_token=4f25bd81&x-expires=1761944400&x-signature=5oGDq%2BQcMzUCXfAyqeHj2P%2BQci0%3D&t=4d5b0474&ps=13740610&shp=a5d48078&shcp=81f88b70&idc=no1a,joewells46,#lookatthe1hashtag #lookatthecomments,479,12,34100,29,13,Veni a grabar,Bar√ßa basura,True,2023-03-13T08:56:50.000Z,https://www.tiktok.com/@joewells46/video/7209952157028732166
https://p16-common-sign.tiktokcdn-us.com/tos-useast5-avt-0068-tx/3df7cdd06df1689b87c8b1c3169c4faa~tplv-tiktokx-cropcenter:720:720.jpeg?dr=9640&refresh_token=d1b86fff&x-expires=1761944400&x-signature=k%2BoJO7W%2FMW4Qax7GZ8Rtf5oaINE%3D&t=4d5b0474&ps=13740610&shp=a5d48078&shcp=81f88b70&idc=useast5,chanetics,"#greenscreen You can type longer comment now, how to type longer comment on tiktok. #fyp #foryou #tiktok #tiktokshop #viral #trending ",350,2,8522,106,64,original sound,Chanetics,True,2025-05-16T22:55:20.000Z,https://www.tiktok.com/@chanetics/video/7505180766163209518
https://p16-common-sign.tiktokcdn-us.com/tos-useast5-avt-0068-tx/31f74dfe1dc7bb38214b3f89e4a3d73e~tplv-tiktokx-cropcenter:720:720.jpeg?dr=9640&refresh_token=907be653&x-expires=1761944400&x-signature=bTUbWb3h%2BeUfzSNdM2QHhHSS7AU%3D&t=4d5b0474&ps=13740610&shp=a5d48078&shcp=81f88b70&idc=useast5,secret_acc4944,HOW DO I GET RID OF IT #fyp #help #seethis #fouryourpage #fyp„Ç∑„Çöviral ,3,0,708,10,22,original sound,secret_acc,True,2025-10-17T00:19:21.000Z,https://www.tiktok.com/@secret_acc4944/video/7561978529081068855
https://p16-common-sign.tiktokcdn-us.com/tos-useast5-avt-0068-tx/3db04045add619aaa67e0a0462eb5f9d~tplv-tiktokx-cropcenter:720:720.jpeg?dr=9640&refresh_token=a2e8b892&x-expires=1761944400&x-signature=HWLybYGCn8fzQotEFeW4Ydv5S60%3D&t=4d5b0474&ps=13740610&shp=a5d48078&shcp=81f88b70&idc=useast5,jboogieproductions,"Take a picture of how you‚Äôre 
Watching tt rn and post it
In the comments üíÄ #fyp #comment ",28,0,754,17,13,pure imagination,Adonai Michel,True,2025-09-30T05:05:54.000Z,https://www.tiktok.com/@jboogieproductions/video/7555743783913082125
https://p16-common-sign.tiktokcdn-us.com/tos-useast5-avt-0068-tx/7313762954027991083~tplv-tiktokx-cropcenter:720:720.jpeg?dr=9640&refresh_token=cd9b9854&x-expires=1761944400&x-signature=Kvj%2B3GEyMj%2Bha2mM8qPHkWkG2fI%3D&t=4d5b0474&ps=13740610&shp=a5d48078&shcp=81f88b70&idc=useast5,xx.midna,Replying to @753473tw34t love u goodnight ,1242,2,31500,53,76,original sound,xomidna,True,2025-06-08T10:18:56.000Z,https://www.tiktok.com/@xx.midna/video/7513520689601629470
https://p16-common-sign.tiktokcdn-us.com/tos-useast5-avt-0068-tx/979479caaf2c9cd16715733da12b576b~tplv-tiktokx-cropcenter:720:720.jpeg?dr=9640&refresh_token=b3f96c10&x-expires=1761944400&x-signature=Xqna8lw9a7HNdDlpRXNhfgunlzk%3D&t=4d5b0474&ps=13740610&shp=a5d48078&shcp=81f88b70&idc=useast5,writtenbyames,@TikTok you have 2 business days to figure ts out #newupdate #tiktok #hashtaglimit #wtf #tiktokupdate ,68,0,692,11,10,original sound,ames üéÉ,True,2025-07-17T16:39:36.000Z,https://www.tiktok.com/@writtenbyames/video/7528091394942995767
https://p16-common-sign.tiktokcdn-us.com/tos-useast8-avt-0068-tx2/a01a644c71e7a4f2bf1abf210e5e1f68~tplv-tiktokx-cropcenter:720:720.jpeg?dr=9640&refresh_token=541bdda7&x-expires=1761944400&x-signature=kiPZOCUXJkijKsI%2F8SEUQI5RCow%3D&t=4d5b0474&ps=13740610&shp=a5d48078&shcp=81f88b70&idc=useast5,likeabbos,"The biggest myth about going viral on TikTok, this is how you‚Äôre actually going to go viral on TikTok! #contentcreator #contentcreatorstruggles #contentcreatortips #contentstrategy #contentadvice #howtogoviral ",256400,63100,3600000,42200,103,original sound,Abbos (Read My Bio) ü§´,True,2025-05-07T02:36:45.000Z,https://www.tiktok.com/@likeabbos/video/7501527143604555038
https://p16-common-sign.tiktokcdn-us.com/tos-useast5-avt-0068-tx/fd05875b7149d26c088481b74e0cedf8~tplv-tiktokx-cropcenter:720:720.jpeg?dr=9640&refresh_token=5b33a2af&x-expires=1761944400&x-signature=%2Bggi10jgWJ89Lsy1Eb62K2x1G6Q%3D&t=4d5b0474&ps=13740610&shp=a5d48078&shcp=81f88b70&idc=useast5,f.ann.w,Super easy! Hope this helpsü´∂üèª #contentcreator #fyp #editing #tutorial #creatortips ,173800,11400,1800000,3058,63,original sound,‚úø ùíÇùíèùíè ‚úø,True,2025-08-18T18:20:55.000Z,https://www.tiktok.com/@f.ann.w/video/7539992217088232718
https://p16-common-sign.tiktokcdn-us.com/tos-useast5-avt-0068-tx/a1509ff3fa2fba0e67a8e7d370dbe383~tplv-tiktokx-cropcenter:720:720.jpeg?dr=9640&refresh_token=d2861f7e&x-expires=1761944400&x-signature=%2Fr87tnRlR23qrBqwWsJnuE0P1Oo%3D&t=4d5b0474&ps=13740610&shp=a5d48078&shcp=81f88b70&idc=useast5,givvy528,"This Description is gonna be very very long so you do not have to read it at all I am just gonna keep on typing until I think it‚Äôs long enough then I will put all the hashtags at the end once I think it‚Äôs long enough. Alright yall please go view my most recent video and please go read your bibles and spread the word of God and yall will be saved in eternal life in heaven. Please spread the word of God The Gospel is that God gave his only son Jesus who died for our since which means that he died on the cross for our sins so that they could be forgotten and you can go to heaven he then rose again on the third day as we know it as Easter and if you follow the life he has planned for you you will be in heaven. If you have any edit ideas I may need them because sometimes I don‚Äôt have any and I‚Äôm trying to be consistent with my posting I‚Äôm not that good I used to be better but then CapCut changed their terms of service and then I left the app because I didn‚Äôt agree with the terms of service so I went VN editor and I‚Äôve been doing okay not as good as I was on CapCut alright now I‚Äôm gonna go put all of my hashtags bye please watch the next video. My bad I‚Äôm back. My description isn‚Äôt as long as I wanted it to be so I‚Äôm just gonna basically do the same thing over and over and over, but like every single a long description, I don‚Äôt do as well with them when I do nothing it literally got almost 1000 views so I don‚Äôt understand that at all yeah I thought this video was really really funny. Actually if you‚Äôre reading this from another video this is for the Core Video which I‚Äôm about to post. #fyp #makemeviral #foryoupage #VNVideoEditor #needmorehastags                                                                                                                                            HERES A COOKIE üç™ IF YOU SCROLLED ALL THE WAY DOWN IF YOU DID COMMENT ‚Äúüßë‚Äçüç≥‚Äù and I will reply with ‚Äúüç™‚Äù",5421,61,68300,173,16,original sound,ùêÜùêàùêïùêïùêò ‚úùÔ∏è,True,2025-08-12T23:26:08.000Z,https://www.tiktok.com/@givvy528/video/7537844364786027831
https://p16-common-sign.tiktokcdn-us.com/tos-useast5-avt-0068-tx/9fb7f893fd267bb1e09c9a44e39509c1~tplv-tiktokx-cropcenter:720:720.jpeg?dr=9640&refresh_token=d6428874&x-expires=1761944400&x-signature=bQtn5miAF5ZVG739HTx%2BbtBmc%2FI%3D&t=4d5b0474&ps=13740610&shp=a5d48078&shcp=81f88b70&idc=useast8,mrdealstts,"If you‚Äôre trying to grow on TikTok this month üöÄ these are the hashtags you NEED to use:

 #fyp #viral #trending #fall #backtoschool ",50,8,5437,8,15,original sound,Damyan,True,2025-09-15T18:26:46.000Z,https://www.tiktok.com/@mrdealstts/video/7550383944403930381
https://p16-common-sign.tiktokcdn-us.com/tos-useast5-avt-0068-tx/8785456c5ee9d0c25bfb1d0d638b4279~tplv-tiktokx-cropcenter:720:720.jpeg?dr=9640&refresh_token=a8335f20&x-expires=1761944400&x-signature=le2hqmxXfs7TfFlAr1k4tJVqS4c%3D&t=4d5b0474&ps=13740610&shp=a5d48078&shcp=81f88b70&idc=useast8,witches_and_moon,"Bridge
üìçSouth Carolina",18,1,497,4,6,original sound,witches_and_moon,True,2025-06-14T05:54:25.000Z,https://www.tiktok.com/@witches_and_moon/video/7515679151907441962
https://p16-common-sign.tiktokcdn-us.com/tos-maliva-avt-0068/b90e1f99ee10e7fbf5a2b02d4912373d~tplv-tiktokx-cropcenter:720:720.jpeg?dr=9640&refresh_token=e5965484&x-expires=1761944400&x-signature=9pMgl7NEIcLr4PWQV6%2Bm164r5eM%3D&t=4d5b0474&ps=13740610&shp=a5d48078&shcp=81f88b70&idc=useast8,kadzeranii,See more‚Ä¶ü•Äü•Äü•Ä #fyp #ukschool #ukcomedy #mandem ,22800,3930,359700,3000,63,original sound,Kadzerani,True,2025-04-06T19:52:27.000Z,https://www.tiktok.com/@kadzeranii/video/7490290431973018902
https://p16-common-sign.tiktokcdn-us.com/tos-alisg-avt-0068/4655e09d133bcdd5472b19a9a07fa205~tplv-tiktokx-cropcenter:720:720.jpeg?dr=9640&refresh_token=1c2521eb&x-expires=1761944400&x-signature=IhQ%2BIofX4PLrze%2BbaqFuVH4EVxQ%3D&t=4d5b0474&ps=13740610&shp=a5d48078&shcp=81f88b70&idc=useast8,maxnt7,The Masküî•üü¢#howtocommentvideo#viral#comment#trend#physics#science#math#georaphy#maxntr#canada#russia#china#Turkey#maxnt ,44400,8597,1300000,48600,10,orijinal ses,MAXNT,True,2025-06-15T05:19:21.000Z,https://www.tiktok.com/@maxnt7/video/7516041398550940935
https://p16-common-sign.tiktokcdn-us.com/tos-useast8-avt-0068-tx2/47862ab16e99bc37a72e4b56040e622d~tplv-tiktokx-cropcenter:720:720.jpeg?dr=9640&refresh_token=2a53fc83&x-expires=1761944400&x-signature=W3VRiG0kvPDh0XjRFoj3Y0%2FA67w%3D&t=4d5b0474&ps=13740610&shp=a5d48078&shcp=81f88b70&idc=useast8,reddit7474,My Fianc√©e Posted Sometimes You Outgrow People  After I Lost My Job. I Commented Truth,42,0,1694,1,239,original sound,user6084518520240,True,2025-10-29T05:56:01.000Z,https://www.tiktok.com/@reddit7474/video/7566518389888322847
https://p16-common-sign.tiktokcdn-us.com/tos-useast5-avt-0068-tx/7311385506401484842~tplv-tiktokx-cropcenter:720:720.jpeg?dr=9640&refresh_token=30c43a54&x-expires=1761944400&x-signature=keoePJdzD0sO47%2By%2BvMHC%2BA6mR8%3D&t=4d5b0474&ps=13740610&shp=a5d48078&shcp=81f88b70&idc=useast8,brandonspam_,apparently if you comment bmw a special animation will pop up on your screen‚Ä¶,80200,627,3700000,154600,66,original sound,Brandon Conner,True,2025-03-12T19:04:30.000Z,https://www.tiktok.com/@brandonspam_/video/7481000775565462830
https://p16-common-sign.tiktokcdn-us.com/tos-alisg-avt-0068/16fac3a3751d4213bce10fb1cf9d6c2a~tplv-tiktokx-cropcenter:720:720.jpeg?dr=9640&refresh_token=caebf125&x-expires=1761944400&x-signature=V1wOhlQ9YDQhp8uTyxhU8BcwzMU%3D&t=4d5b0474&ps=13740610&shp=a5d48078&shcp=81f88b70&idc=useast8,marvingarcia484,tutorial invisible comments #fyppppppppppppppppppppppp #tiktok #follower #everyone ,2864,655,92500,3679,12,original sound - Ô∏è,Ô∏è,True,2025-10-28T15:42:47.000Z,https://www.tiktok.com/@marvingarcia484/video/7566298555384712455
https://p19-common-sign.tiktokcdn-us.com/tos-useast8-avt-0068-tx2/1fdb30e83b3f371f3afaebcc5ac79b63~tplv-tiktokx-cropcenter:720:720.jpeg?dr=9640&refresh_token=6c5d7d07&x-expires=1761944400&x-signature=LAfVB9dIIYhwtIEj01iUyzNOoaw%3D&t=4d5b0474&ps=13740610&shp=a5d48078&shcp=81f88b70&idc=useast8,wixpatton,comment when you‚Äôre done & ill visit your profile ü•π #fyp #engage #comment #follow #fyp„Ç∑ ,14000,1273,72500,3027,14,Wanderlust,Degraus,False,2025-10-27T01:00:10.000Z,https://www.tiktok.com/@wixpatton/video/7565699964815396126
https://p16-common-sign.tiktokcdn-us.com/tos-useast8-avt-0068-tx2/9b91422a6008c7b78c729e312d560ed7~tplv-tiktokx-cropcenter:720:720.jpeg?dr=9640&refresh_token=27c6f5dd&x-expires=1761944400&x-signature=CDMuUuNifAyKZOEFAtO53V4pG9I%3D&t=4d5b0474&ps=13740610&shp=a5d48078&shcp=81f88b70&idc=useast8,solyapp,#lesshashtags #thursday #memetok #gifttok #comedy ,11,4,548,4,23,original sound,solyapp,True,2025-07-31T20:55:14.000Z,https://www.tiktok.com/@solyapp/video/7533352463412284702
https://p16-common-sign.tiktokcdn-us.com/tos-useast8-avt-0068-tx2/a9f44a1aaf0d08351463857b8f170b43~tplv-tiktokx-cropcenter:720:720.jpeg?dr=9640&refresh_token=89808491&x-expires=1761944400&x-signature=F0bCreZ6Rdw2KXlOYW8nU0VIegU%3D&t=4d5b0474&ps=13740610&shp=a5d48078&shcp=81f88b70&idc=useast8,remember_when86,Let's countdown together ü´∂üèΩ,70,0,955,48,12,You Ain't Seen Nothing Yet,BTO,False,2025-04-03T17:35:48.000Z,https://www.tiktok.com/@remember_when86/video/7489141926994677023
https://p16-common-sign.tiktokcdn-us.com/tos-useast5-avt-0068-tx/7e01bf8a37f4c8daf69065ec23699d15~tplv-tiktokx-cropcenter:720:720.jpeg?dr=9640&refresh_token=3965fdd2&x-expires=1761944400&x-signature=mJASprKxPOruujIyz60k%2FIthJFU%3D&t=4d5b0474&ps=13740610&shp=a5d48078&shcp=81f88b70&idc=useast8,julianscult,no way elon doesn‚Äôt regret owning that app üò≠ #fy #fyp #viral ,968,24,18200,41,69,Dust Collector,ybg lucas,True,2025-08-06T04:50:18.000Z,https://www.tiktok.com/@julianscult/video/7535330294132428045
https://p16-common-sign.tiktokcdn-us.com/tos-maliva-avt-0068/7e38adc187cb0471913c13b918c53197~tplv-tiktokx-cropcenter:720:720.jpeg?dr=9640&refresh_token=0ce03176&x-expires=1761944400&x-signature=cxpL0761SYzBfvCA7txx2cUyY54%3D&t=4d5b0474&ps=13740610&shp=a5d48078&shcp=81f88b70&idc=useast8,sharing.a.n,#fyp #viral #xyzbca ,525500,32700,10200000,8399,22,original sound,slum,True,2025-09-13T10:54:44.000Z,https://www.tiktok.com/@sharing.a.n/video/7549525487803043094
https://p16-common-sign.tiktokcdn-us.com/tos-maliva-avt-0068/71e0a0392b6e997957d632c55ffba283~tplv-tiktokx-cropcenter:720:720.jpeg?dr=9640&refresh_token=cd07121a&x-expires=1761944400&x-signature=USGgfelL%2BrPkqHDnCbNH2aVfLO0%3D&t=4d5b0474&ps=13740610&shp=a5d48078&shcp=81f88b70&idc=useast8,leah76488,Repost like share comment let‚Äôs go let‚Äôs grow #letsgo #promomakanliburan #10k #followtrains #2025 ,2407,145,36400,2695,7,"Follow Me, I'll Follow You",SOUND MONTER,False,2025-08-19T17:17:12.000Z,https://www.tiktok.com/@leah76488/video/7540346931411799318
https://p16-common-sign.tiktokcdn-us.com/tos-maliva-avt-0068/fcefd4e148f230ffb364fcf56d82fc27~tplv-tiktokx-cropcenter:720:720.jpeg?dr=9640&refresh_token=dea22743&x-expires=1761944400&x-signature=NHBjIwnF02%2F7oytrCUl6zoPTKB0%3D&t=4d5b0474&ps=13740610&shp=a5d48078&shcp=81f88b70&idc=useast8,ollie.szn0_0,#fyp #viral #blowthisup #mbappe #trick ,11300,400,251200,9501,18,original sound,ollie.szn-_-,True,2025-07-24T14:55:12.000Z,https://www.tiktok.com/@ollie.szn0_0/video/7530662121407876374
https://p19-common-sign.tiktokcdn-us.com/tos-useast5-avt-0068-tx/a30deaead4cdf39794be8d95e83f8a53~tplv-tiktokx-cropcenter:720:720.jpeg?dr=9640&refresh_token=a7206094&x-expires=1761944400&x-signature=Hd1k3l0T0d235UqJVxVNmgJnQdw%3D&t=4d5b0474&ps=13740610&shp=a5d48078&shcp=81f88b70&idc=useast8,noahmc1355,like what are these hashtags #foryoupage #fyp #foryou #followme #viral ,4,0,419,2,23,Piano famous song Chopin Deep deep clear beauty,RYOpianoforte,False,2025-08-18T13:59:29.000Z,https://www.tiktok.com/@noahmc1355/video/7539924836701818167
